<lxs>
    <scene root="Sanctest" axis_length="5"/>

    <views default="defaultCamera">
        <perspective id="defaultCamera" near="0.01" far="500" angle="45">
            <from x="-15" y="5" z="0" />
            <to x="0" y="0" z="0" />
        </perspective>
        <perspective id="Perspective 2" near="0.2" far="250" angle="45">
            <from x="-10" y="4" z="-5" />
            <to x="0" y="3" z="0" />
        </perspective>
        <ortho id="Altar View"  near="0.01" far="50" left="-5" right="5" top="5" bottom="0" >
            <from x="5.5" y="3" z="0" />
            <to x="10" y="0" z="0" />
            <up x="0" y="1" z="0" /> 
        </ortho>
        <perspective id="Perspective 3" near="0.2" far="250" angle="45">
            <from x="-7" y="0.5" z="5" />
            <to x="0" y="3" z="0" />
        </perspective>
    </views>

    <globals>
        <ambient r="0.2" g="0.2" b="0.2" a="1.0" />
        <background r="0.0" g="0.0" b="0.0" a="1.0" />
    </globals>

    <lights>
        <omni id="flameLight1" enabled="1">
            <location x="-7" y="4.5" z="4.7" w="1.0" />
            <ambient r="0.6" g="0.4" b="0.2" a="1.0" />
            <diffuse r="0.6" g="0.5" b="0.2" a="1.0" />
            <specular r="0.6" g="0.5" b="0.2" a="1.0" />
            <attenuation constant="0" linear="1" quadratic="0" />  
        </omni>
        <omni id="flameLight2" enabled="1">
            <location x="-2.5" y="4.5" z="4.7" w="1.0" />
            <ambient r="0.6" g="0.4" b="0.2" a="1.0" />
            <diffuse r="0.6" g="0.5" b="0.2" a="1.0" />
            <specular r="0.6" g="0.5" b="0.2" a="1.0" />
            <attenuation constant="0" linear="1" quadratic="0" />  
        </omni>
        <omni id="flameLight3" enabled="1">
            <location x="2" y="4.5" z="4.7" w="1.0" />
            <ambient r="0.6" g="0.4" b="0.2" a="1.0" />
            <diffuse r="0.6" g="0.5" b="0.2" a="1.0" />
            <specular r="0.6" g="0.5" b="0.2" a="1.0" />
            <attenuation constant="0" linear="1" quadratic="0" />  
        </omni>
        <omni id="flameLight4" enabled="1">
            <location x="-7" y="4.5" z="-4.7" w="1.0" />
            <ambient r="0.6" g="0.4" b="0.2" a="1.0" />
            <diffuse r="0.6" g="0.5" b="0.2" a="1.0" />
            <specular r="0.6" g="0.5" b="0.2" a="1.0" />
            <attenuation constant="0" linear="1" quadratic="0" />  
        </omni>
        <omni id="flameLight5" enabled="1">
            <location x="-2.5" y="4.5" z="-4.7" w="1.0" />
            <ambient r="0.6" g="0.4" b="0.2" a="1.0" />
            <diffuse r="0.6" g="0.5" b="0.2" a="1.0" />
            <specular r="0.6" g="0.5" b="0.2" a="1.0" />
            <attenuation constant="0" linear="1" quadratic="0" />  
        </omni>
        <omni id="flameLight6" enabled="1">
            <location x="2" y="4.5" z="-4.7" w="1.0" />
            <ambient r="0.6" g="0.4" b="0.2" a="1.0" />
            <diffuse r="0.6" g="0.5" b="0.2" a="1.0" />
            <specular r="0.6" g="0.5" b="0.2" a="1.0" />
            <attenuation constant="0" linear="1" quadratic="0" />  
        </omni>
        <spot id="Mage_spot" enabled="0" angle="30" exponent="200">
            <location x="0" y="7" z="0" w="1" />
            <target x="0" y="-45" z="0" />
            <ambient r="0.0" g="0.0" b="0.0" a="1" />
            <diffuse r="0.6" g="0.6" b="0.6" a="1" />
            <specular r="0.8" g="0.8" b="0.8" a="1" />
            <attenuation constant="0" linear="1" quadratic="0" />
        </spot>
        <spot id="pepe_spot" enabled="0" angle="20" exponent="200">
            <location x="7" y="7.5" z="0" w="1" />
            <target x="20" y="-50" z="0" />
            <ambient r="0.0" g="0.0" b="0.0" a="1" />
            <diffuse r="0.8" g="0.8" b="0.8" a="1" />
            <specular r="0.8" g="0.8" b="0.8" a="1" />
            <attenuation constant="1" linear="0" quadratic="0" />
        </spot>
    </lights>

    <textures>
        <texture id="vidral" file="scenes/images/vidral.jpg" />
        <texture id="bank" file="scenes/images/bank.jpg" />
        <texture id="trunk" file="scenes/images/trunk-image.jpg" />
        <texture id="crystal" file="scenes/images/crystal.jpg" />
        <texture id="satin" file="scenes/images/satin.jpg" />
        <texture id="runes" file="scenes/images/runes.jpg" />
        <texture id="church_floor" file="scenes/images/church_floor.jpg"/>
        <texture id="church_wall" file="scenes/images/church_wall.jpg"/>
        <texture id="granite" file="scenes/images/granite.jpg"/>
        <texture id="wood" file="scenes/images/wood.jpg"/>
        <texture id="fire" file="scenes/images/fire.jpg"/>
        <texture id="pepe_painting" file="scenes/images/pepe_painting.jpg"/>
        <texture id="dead_grass" file="scenes/images/dead_grass.jpg"/>
    </textures>

    <materials>
        <material id="circleMat1" shininess="10">
            <emission r="0.0" g="0.0" b="0.0" a="1.0" />
            <ambient r="0.1" g="0.2" b="0.1" a="1.0" />
            <diffuse r="0.25" g="0.5" b="0.25" a="1.0" />
            <specular r="0.5" g="1" b="0.5" a="1.0" />
        </material>

        <material id="circleMat2" shininess="10">
            <emission r="0.0" g="0.0" b="0.0" a="1.0" />
            <ambient r="0.0" g="0.2" b="0.2" a="1.0" />
            <diffuse r="0.0" g="0.5" b="0.5" a="1.0" />
            <specular r="0.0" g="1" b="1" a="1.0" />
        </material>

        <material id="circleMat3" shininess="10">
            <emission r="0.0" g="0.0" b="0.0" a="1.0" />
            <ambient r="0.075" g="0.1" b="0.2" a="1.0" />
            <diffuse r="0.2" g="0.25" b="0.5" a="1.0" />
            <specular r="0.4" g="0.6" b="1" a="1.0" />
        </material>

        <material id="circleMat4" shininess="10">
            <emission r="0.0" g="0.0" b="0.0" a="1.0" />
            <ambient r="0.2" g="0.075" b="0.2" a="1.0" />
            <diffuse r="0.5" g="0.2" b="0.5" a="1.0" />
            <specular r="1" g="0.4" b="1" a="1.0" />
        </material>

        <material id="circleMat5" shininess="10">
            <emission r="0.0" g="0.0" b="0.0" a="1.0" />
            <ambient r="0.2" g="0.1" b="0.1" a="1.0" />
            <diffuse r="0.5" g="0.2" b="0.2" a="1.0" />
            <specular r="1" g="0.4" b="0.4" a="1.0" />
        </material>

        <material id="circleMat6" shininess="10">
            <emission r="0.0" g="0.0" b="0.0" a="1.0" />
            <ambient r="0.2" g="0.2" b="0.1" a="1.0" />
            <diffuse r="0.5" g="0.5" b="0.2" a="1.0" />
            <specular r="1" g="1" b="0.4" a="1.0" />
        </material>

        <material id="clothMat" shininess="10">
            <emission r="0.0" g="0.0" b="0.0" a="1.0" />
            <ambient r="0.01" g="0.01" b="0.1" a="1.0" />
            <diffuse r="0.1" g="0.1" b="0.6" a="1.0" />
            <specular r="0.01" g="0.01" b="0.2" a="1.0" />
        </material>
        
        <material id="eyeMat" shininess="10">
            <emission r="0.0" g="0.0" b="0.0" a="1.0" />
            <ambient r="0.1" g="0.1" b="0.01" a="1.0" />
            <diffuse r="0.9" g="0.9" b="0.1" a="1.0" />
            <specular r="0.1" g="0.1" b="0.1" a="1.0" />
        </material>
        
        <material id="hatMat" shininess="10">
            <emission r="0.0" g="0.0" b="0.0" a="1.0" />
            <ambient r="0.1" g="0.1" b="0.02" a="1.0" />
            <diffuse r="0.6" g="0.6" b="0.1" a="1.0" />
            <specular r="0.1" g="0.1" b="0.02" a="1.0" />
        </material>
        
        <material id="headMat" shininess="10">
            <emission r="0.0" g="0.0" b="0.0" a="1.0" />
            <ambient r="0.0" g="0.0" b="0." a="1.0" />
            <diffuse r="0.0" g="0.0" b="0.0" a="1.0" />
            <specular r="0.0" g="0.0" b="0." a="1.0" />
        </material>
        
        <material id="handMat" shininess="10">
            <emission r="0.0" g="0.0" b="0.0" a="1.0" />
            <ambient r="0.1" g="0.04" b="0.0" a="1.0" />
            <diffuse r="0.5" g="0.2" b="0.0" a="1.0" />
            <specular r="0.1" g="0.04" b="0.0" a="1.0" />
        </material>

        <material id="demoMaterial" shininess="10">
            <emission r="0.0" g="0.0" b="0.0" a="1.0" />
            <ambient r="0.2" g="0.2" b="0.2" a="1.0" />
            <diffuse r="0.5" g="0.5" b="0.5" a="1.0" />
            <specular r="0.4" g="0.4" b="0.4" a="1.0" />
        </material>

        <material id="AureolaMat" shininess="10">
            <emission r="1.0" g="1.0" b="0.0" a="1.0" />
            <ambient r="0.0" g="0.0" b="0.0" a="1.0" />
            <diffuse r="0.0" g="0.0" b="0.0" a="1.0" />
            <specular r="0.0" g="0.0" b="0.0" a="1.0" />
        </material>

        <material id="FloorMat" shininess="3">
            <emission r="0.0" g="0.0" b="0.0" a="1.0" />
            <ambient r="0.1" g="0.1" b="0.1" a="1.0" />
            <diffuse r="0.3" g="0.3" b="0.3" a="1.0" />
            <specular r="0.05" g="0.0" b="0.1" a="1.0" />
        </material>

        <material id="CrystalMat" shininess="10">
            <emission r="0.0" g="0.288" b="0.241" a="1.0" />
            <ambient r="0.0" g="0.988" b="0.941" a="1.0" />
            <diffuse r="0.0" g="0.588" b="0.541" a="1.0" />
            <specular r="0.01" g="0.988" b="0.941" a="1.0" />
        </material>

        <material id="StaffMat" shininess="3">
            <emission r="0.0" g="0.0" b="0.0" a="1.0" />
            <ambient r="0.529" g="0.266" b="0.0" a="1.0" />
            <diffuse r="0.529" g="0.266" b="0.0" a="1.0" />
            <specular r="0.0" g="0.0" b="0.0" a="1.0" />
        </material>

        <material id="HiltMat" shininess="10">
            <emission r="0.0" g="0.0" b="0.0" a="1.0" />
            <ambient r="0.1" g="0.1" b="0.1" a="1.0" />
            <diffuse r="0.929" g="0.792" b="0.172" a="1.0" />
            <specular r="0.929" g="0.792" b="0.172" a="1.0" />
        </material>

        <material id="FireMat" shininess="10">
            <emission r="0.9" g="0.5" b="0.0" a="1.0" />
            <ambient r="0.0" g="0.0" b="0.0" a="1.0" />
            <diffuse r="0.0" g="0.0" b="0.0" a="1.0" />
            <specular r="0.0" g="0.0" b="0.0" a="1.0" />
        </material>
    </materials>

    <transformations>
        <transformation id="GlyphTriangleTransform">
            <rotate axis="z" angle="120" />
        </transformation>
        <transformation id="Mage_part_base_transformation">
            <rotate axis="x" angle="-90" />
                <scale x="0.5" y="0.5" z="1" />
        </transformation>
    </transformations>

    <primitives>
        <primitive id="demoRectangle">
            <rectangle x1="-1" y1="-1" x2="1" y2="1" />
        </primitive>

        <primitive id="ceiling1">
            <rectangle x1="-7.5" y1="-8.75" x2="7.5" y2="8.75" />
        </primitive>

        <primitive id="ceiling2">
            <rectangle x1="-2.5" y1="-3.75" x2="2.5" y2="3.75" />
        </primitive>

        <primitive id="floor">
            <rectangle x1="-10" y1="-13" x2="13" y2="13" />
        </primitive>

        <primitive id="wall">
            <rectangle x1="-2.5" y1="-2.5" x2="2.5" y2="2.5" />
        </primitive>
        
        <primitive id="demoSphere">
            <sphere radius="1" slices="100" stacks="100" />
        </primitive>
        
        <primitive id="torus">
            <torus inner="0.05" outer="3" slices="100" loops="100" />
        </primitive>
        
        <primitive id="cylinder">
            <cylinder base="1" top="1" height="1" slices="100" stacks="3" />
        </primitive>

        <primitive id="pyramid">
            <cylinder base="1" top="0" height="1" slices="4" stacks="3" />
        </primitive>

        <primitive id="bottom_crystal">
            <cylinder base="0.5" top="1" height="1" slices="4" stacks="3" />
        </primitive>

        <primitive id="triangle">
            <triangle x1="-0.6" y1="1" z1="0" x2="0.6" y2="1" z2="0" x3="0" y3="2" z3="0" />
        </primitive> 

        <primitive id="cone">
            <cylinder base="1" top="0" height="1" slices="100" stacks="10" />
        </primitive>

        <primitive id="skewed_cylinder">
            <cylinder base="1.5" top="0.25" height="1" slices="100" stacks="10" /> 
        </primitive>

        <primitive id="skewed_cylinder2">
            <cylinder base="1.5" top="1" height="1" slices="100" stacks="10" /> 
        </primitive>

        <primitive id="sliced_pyramid">
            <cylinder base="1" top="0.5" height="1" slices="3" stacks="3" />
        </primitive>
        
        <primitive id="ceilingIsos">
            <triangle x1="-0.5" y1="0" z1="0" x2="0.5" y2="0" z2="0" x3="0" y3="1" z3="0" />
        </primitive>

        <primitive id="ceilingRec">
            <triangle x1="-0.5" y1="0" z1="0" x2="0" y2="0" z2="0" x3="0" y3="1" z3="0" />
        </primitive>
        
        <primitive id="testSphere">
            <sphere radius="1" slices="30" stacks="30" />
        </primitive>
        
        <primitive id="torus2">
            <torus inner="0.15" outer="2" slices="100" loops="100" />
        </primitive>
    </primitives>

    <components>

        <component id="CubeF">
            <transformation>
                <translate x="1" y="0" z="0" />
                <rotate axis="y" angle="90" />
            </transformation>
            <materials>
                <material id="inherit" />
            </materials>
            <texture id="inherit"/>
            <children>
                <primitiveref id="demoRectangle"/>
            </children>
        </component>

        <component id="CubeB">
            <transformation>
                <translate x="-1" y="0" z="0" />
                <rotate axis="y" angle="-90" />
            </transformation>
            <materials>
                <material id="inherit" />
            </materials>
            <texture id="inherit"/>
            <children>
                <primitiveref id="demoRectangle"/>
            </children>
        </component>

        <component id="CubeR">
            <transformation>
                <translate x="0" y="1" z="0" />
                <rotate axis="x" angle="-90" />
            </transformation>
            <materials>
                <material id="inherit" />
            </materials>
            <texture id="inherit"/>
            <children>
                <primitiveref id="demoRectangle"/>
            </children>
        </component>

        <component id="CubeL">
            <transformation>
                <translate x="0" y="-1" z="0" />
                <rotate axis="x" angle="90" />
            </transformation>
            <materials>
                <material id="inherit" />
            </materials>
            <texture id="inherit"/>
            <children>
                <primitiveref id="demoRectangle"/>
            </children>
        </component>

        <component id="CubeU">
            <transformation>
                <translate x="0" y="0" z="1" />
            </transformation>
            <materials>
                <material id="inherit" />
            </materials>
            <texture id="inherit"/>
            <children>
                <primitiveref id="demoRectangle"/>
            </children>
        </component>

        <component id="CubeD">
            <transformation>
                <translate x="0" y="0" z="-1" />
                <rotate axis="x" angle="180" />
            </transformation>
            <materials>
                <material id="inherit" />
            </materials>
            <texture id="inherit"/>
            <children>
                <primitiveref id="demoRectangle"/>
            </children>
        </component>

        <component id="Cube">
            <transformation>
                <translate x="0" y="0" z="0" />
                <scale x="1" y="1" z="1" />
            </transformation>
            <materials>
                <material id="inherit" />
            </materials>
            <texture id="inherit"/>
            <children>
                <componentref id="CubeF"/>
                <componentref id="CubeB"/>
                <componentref id="CubeR"/>
                <componentref id="CubeL"/>
                <componentref id="CubeU"/>
                <componentref id="CubeD"/>
            </children>
        </component>

        <component id="OutFloor">
            <transformation>
                <translate x="0" y="0" z="-0.01" />
            </transformation>
            <materials>
                <material id="FloorMat" />
            </materials>
            <texture id="dead_grass" length_s="1" length_t="1"/>
            <children>
                <primitiveref id="floor"/>
            </children>
        </component>

        <component id="OutterFloor">
            <transformation>
                <translate x="0" y="0" z="-0.01" />
                <rotate axis="x" angle="180"/>
            </transformation>
            <materials>
                <material id="FloorMat" />
            </materials>
            <texture id="dead_grass" length_s="1" length_t="1"/>
            <children>
                <primitiveref id="floor"/>
            </children>
        </component>

        <component id="Floor">
            <transformation>
                <translate x="-2.5" y="0" z="0" />
            </transformation>
            <materials>
                <material id="FloorMat" />
            </materials>
            <texture id="church_floor" length_s="1" length_t="1"/>
            <children>
                <primitiveref id="ceiling1"/>
            </children>
        </component>



        <component id="OWall1">
            <transformation>
                <translate x="10" y="0" z="2.5" />
                <scale x="1" y="1.5" z="1" />
                <rotate axis="z" angle="0"/>
                <rotate axis="y" angle="90"/>
            </transformation>
            <materials>
                <material id="inherit" />
            </materials>
            <texture id="inherit"/>
            <children>
                <primitiveref id="wall"/>
            </children>
        </component>

        <component id="OWall2">
            <transformation>
                <translate x="7.5" y="3.75" z="2.5" />
                <scale x="1" y="1" z="1" />
                <rotate axis="z" angle="90"/>
                <rotate axis="y" angle="90"/>
            </transformation>
            <materials>
                <material id="inherit" />
            </materials>
            <texture id="inherit"/>
            <children>
                <primitiveref id="wall"/>
            </children>
        </component>

        <component id="OWall3">
            <transformation>
                <translate x="7.5" y="-3.75" z="2.5" />
                <scale x="1" y="1" z="1" />
                <rotate axis="z" angle="-90"/>
                <rotate axis="y" angle="90"/>
            </transformation>
            <materials>
                <material id="inherit" />
            </materials>
            <texture id="inherit"/>
            <children>
                <primitiveref id="wall"/>
            </children>
        </component>

        <component id="OWall4">
            <transformation>
                <translate x="5" y="6.25" z="2.5" />
                <scale x="1" y="1" z="1" />
                <rotate axis="z" angle="0"/>
                <rotate axis="y" angle="90"/>
            </transformation>
            <materials>
                <material id="inherit" />
            </materials>
            <texture id="inherit"/>
            <children>
                <primitiveref id="wall"/>
            </children>
        </component>

        <component id="OWall5">
            <transformation>
                <translate x="5" y="-6.25" z="2.5" />
                <scale x="1" y="1" z="1" />
                <rotate axis="z" angle="0"/>
                <rotate axis="y" angle="90"/>
            </transformation>
            <materials>
                <material id="inherit" />
            </materials>
            <texture id="inherit"/>
            <children>
                <primitiveref id="wall"/>
            </children>
        </component>

        <component id="OWall6">
            <transformation>
                <translate x="-2.5" y="8.75" z="2.5" />
                <scale x="3" y="1" z="1" />
                <rotate axis="z" angle="-90"/>
                <rotate axis="y" angle="-90"/>
            </transformation>
            <materials>
                <material id="inherit" />
            </materials>
            <texture id="inherit"/>
            <children>
                <primitiveref id="wall"/>
            </children>
        </component>

        <component id="OWall7">
            <transformation>
                <translate x="-2.5" y="-8.75" z="2.5" />
                <scale x="3" y="1" z="1" />
                <rotate axis="z" angle="90"/>
                <rotate axis="y" angle="-90"/>
            </transformation>
            <materials>
                <material id="inherit" />
            </materials>
            <texture id="inherit"/>
            <children>
                <primitiveref id="wall"/>
            </children>
        </component>


        <component id="OutterWalls">
            <transformation>
                <translate x="0" y="0" z="0" />
                <scale x="1" y="1" z="1.5" />
            </transformation>
            <materials>
                <material id="FloorMat" />
            </materials>
            <texture id="church_wall" length_s="1" length_t="1"/>
            <children>
                <componentref id="OWall1"/>
                <componentref id="OWall2"/>
                <componentref id="OWall3"/>
                <componentref id="OWall4"/>
                <componentref id="OWall5"/>
                <componentref id="OWall6"/>
                <componentref id="OWall7"/>
            </children>
        </component>


        

        <component id="Wall1">
            <transformation>
                <translate x="10" y="0" z="2.5" />
                <scale x="1" y="1.5" z="1" />
                <rotate axis="z" angle="180"/>
                <rotate axis="y" angle="90"/>
            </transformation>
            <materials>
                <material id="inherit" />
            </materials>
            <texture id="inherit"/>
            <children>
                <primitiveref id="wall"/>
            </children>
        </component>

        <component id="Wall2">
            <transformation>
                <translate x="7.5" y="3.75" z="2.5" />
                <scale x="1" y="1" z="1" />
                <rotate axis="z" angle="-90"/>
                <rotate axis="y" angle="90"/>
            </transformation>
            <materials>
                <material id="inherit" />
            </materials>
            <texture id="inherit"/>
            <children>
                <primitiveref id="wall"/>
            </children>
        </component>

        <component id="Wall3">
            <transformation>
                <translate x="7.5" y="-3.75" z="2.5" />
                <scale x="1" y="1" z="1" />
                <rotate axis="z" angle="90"/>
                <rotate axis="y" angle="90"/>
            </transformation>
            <materials>
                <material id="inherit" />
            </materials>
            <texture id="inherit"/>
            <children>
                <primitiveref id="wall"/>
            </children>
        </component>

        <component id="Wall4">
            <transformation>
                <translate x="5" y="6.25" z="2.5" />
                <scale x="1" y="1" z="1" />
                <rotate axis="z" angle="180"/>
                <rotate axis="y" angle="90"/>
            </transformation>
            <materials>
                <material id="inherit" />
            </materials>
            <texture id="inherit"/>
            <children>
                <primitiveref id="wall"/>
            </children>
        </component>

        <component id="Wall5">
            <transformation>
                <translate x="5" y="-6.25" z="2.5" />
                <scale x="1" y="1" z="1" />
                <rotate axis="z" angle="180"/>
                <rotate axis="y" angle="90"/>
            </transformation>
            <materials>
                <material id="inherit" />
            </materials>
            <texture id="inherit"/>
            <children>
                <primitiveref id="wall"/>
            </children>
        </component>

        <component id="Wall6">
            <transformation>
                <translate x="-2.5" y="8.75" z="2.5" />
                <scale x="3" y="1" z="1" />
                <rotate axis="z" angle="90"/>
                <rotate axis="y" angle="-90"/>
            </transformation>
            <materials>
                <material id="inherit" />
            </materials>
            <texture id="inherit"/>
            <children>
                <primitiveref id="wall"/>
            </children>
        </component>

        <component id="Wall7">
            <transformation>
                <translate x="-2.5" y="-8.75" z="2.5" />
                <scale x="3" y="1" z="1" />
                <rotate axis="z" angle="-90"/>
                <rotate axis="y" angle="-90"/>
            </transformation>
            <materials>
                <material id="inherit" />
            </materials>
            <texture id="inherit"/>
            <children>
                <primitiveref id="wall"/>
            </children>
        </component>

        <component id="Wall8">
            <transformation>
                <translate x="-10" y="0" z="2.5" />
                <scale x="1" y="3.5" z="1" />
                <rotate axis="y" angle="90"/>
            </transformation>
            <materials>
                <material id="inherit" />
            </materials>
            <texture id="inherit"/>
            <children>
                <primitiveref id="wall"/>
            </children>
        </component>

        <component id="Walls">
            <transformation>
                <translate x="0" y="0" z="0" />
                <scale x="1" y="1" z="1.5" />
            </transformation>
            <materials>
                <material id="FloorMat" />
            </materials>
            <texture id="church_wall" length_s="1" length_t="1"/>
            <children>
                <componentref id="Wall1"/>
                <componentref id="Wall2"/>
                <componentref id="Wall3"/>
                <componentref id="Wall4"/>
                <componentref id="Wall5"/>
                <componentref id="Wall6"/>
                <componentref id="Wall7"/>
                <componentref id="Wall8"/>
            </children>
        </component>

        <component id="Ceiling1">
            <transformation>
                <translate x="-2.5" y="0" z="7.5" />
                <rotate axis="x" angle="180" />
            </transformation>
            <materials>
                <material id="inherit" />
            </materials>
            <texture id="inherit"/>
            <children>
                <primitiveref id="ceiling1"/>
            </children>
        </component>

        <component id="Ceiling2">
            <transformation>
                <translate x="7.5" y="0" z="7.5" />
                <rotate axis="x" angle="180"/>
            </transformation>
            <materials>
                <material id="inherit" />
            </materials>
            <texture id="inherit"/>
            <children>
                <primitiveref id="ceiling2"/>
            </children>
        </component>

        <component id="Ceiling">
            <transformation>
                <translate x="0" y="0" z="0" />
                <scale x="1" y="1" z="1" />
            </transformation>
            <materials>
                <material id="FloorMat" />
            </materials>
            <texture id="wood" length_s="1" length_t="1"/>
            <children>
                <componentref id="Ceiling1"/>
                <componentref id="Ceiling2"/>
            </children>
        </component>

        <component id="OCeiling1">
            <transformation>
                <translate x="-2.5" y="0" z="7.501" />
                <rotate axis="x" angle="0" />
            </transformation>
            <materials>
                <material id="inherit" />
            </materials>
            <texture id="inherit"/>
            <children>
                <primitiveref id="ceiling1"/>
            </children>
        </component>

        <component id="OCeiling2">
            <transformation>
                <translate x="7.5" y="0" z="7.501" />
                <rotate axis="x" angle="0"/>
            </transformation>
            <materials>
                <material id="inherit" />
            </materials>
            <texture id="inherit"/>
            <children>
                <primitiveref id="ceiling2"/>
            </children>
        </component>

        <component id="OutterCeiling">
            <transformation>
                <translate x="0" y="0" z="0" />
                <scale x="1" y="1" z="1" />
            </transformation>
            <materials>
                <material id="FloorMat" />
            </materials>
            <texture id="wood" length_s="1" length_t="1"/>
            <children>
                <componentref id="OCeiling1"/>
                <componentref id="OCeiling2"/>
            </children>
        </component>

        <component id="AltairFloor">
            <transformation>
                <translate x="7.5" y="0" z="0.5" />
                <scale x="2.5" y="3.75" z="0.5" />
            </transformation>
            <materials>
                <material id="inherit" />
            </materials>
            <texture id="inherit"/>
            <children>
                <componentref id="Cube"/>
            </children>
        </component>

        <component id="AltairStep">
            <transformation>
                <translate x="4.5" y="0" z="0.25" />
                <scale x="0.5" y="5" z="0.25" />
            </transformation>
            <materials>
                <material id="inherit" />
            </materials>
            <texture id="inherit"/>
            <children>
                <componentref id="Cube"/>
            </children>
        </component>

        <component id="Altair">
            <transformation>
                <translate x="0" y="0" z="0" />
                <scale x="0.999" y="0.999" z="0.999" />
            </transformation>
            <materials>
                <material id="FloorMat" />
            </materials>
            <texture id="granite" length_s="1" length_t="1"/>
            <children>
                <componentref id="AltairFloor"/>
                <componentref id="AltairStep"/>
            </children>
        </component>
        


        <component id="PillarBot1">
            <transformation>
                <translate x="0" y="0" z="0.3" />
                <scale x="0.6" y="0.6" z="0.3" />
            </transformation>
            <materials>
                <material id="inherit" />
            </materials>
            <texture id="inherit"/>
            <children>
                <componentref id="Cube"/>
            </children>
        </component>

        <component id="PillarBot2">
            <transformation>
                <translate x="0" y="0" z="0.15" />
                <scale x="0.8" y="0.8" z="0.15" />
            </transformation>
            <materials>
                <material id="inherit" />
            </materials>
            <texture id="inherit"/>
            <children>
                <componentref id="Cube"/>
            </children>
        </component>

        <component id="PillarBot">
            <transformation>
                <translate x="0" y="0" z="0" />
            </transformation>
            <materials>
                <material id="inherit" />
            </materials>
            <texture id="inherit"/>
            <children>
                <componentref id="PillarBot1"/>
                <componentref id="PillarBot2"/>
            </children>
        </component>

        <component id="PillarTop">
            <transformation>
                <translate x="0" y="0" z="7.5" />
                <rotate axis="x" angle="180"/>
            </transformation>
            <materials>
                <material id="inherit" />
            </materials>
            <texture id="inherit"/>
            <children>
                <componentref id="PillarBot"/>"
            </children>
        </component>

        <component id="PillarBody">
            <transformation>
                <translate x="0" y="0" z="0" />
                <scale x="0.5" y="0.5" z="7.5" />
            </transformation>
            <materials>
                <material id="inherit" />
            </materials>
            <texture id="inherit"/>
            <children>
                <primitiveref id="cylinder"/>
            </children>
        </component>

        <component id="Pillar">
            <transformation>
                <translate x="0" y="0" z="0" />
                <scale x="0.8" y="0.8" z="1" />
            </transformation>
            <materials>
                <material id="inherit" />
            </materials>
            <texture id="inherit"/>
            <children>
                <componentref id="PillarTop"/>
                <componentref id="PillarBody"/>
                <componentref id="PillarBot"/>
            </children>
        </component>



        <component id="Pillar1">
            <transformation>
                <translate x="2" y="5.5" z="0" />
                <scale x="1" y="1" z="1" />
            </transformation>
            <materials>
                <material id="inherit" />
            </materials>
            <texture id="inherit"/>
            <children>
                <componentref id="Pillar"/>
            </children>
        </component>
        
        <component id="Pillar2">
            <transformation>
                <translate x="2" y="-5.5" z="0" />
                <scale x="1" y="1" z="1" />
            </transformation>
            <materials>
                <material id="inherit" />
            </materials>
            <texture id="inherit"/>
            <children>
                <componentref id="Pillar"/>
            </children>
        </component>

        <component id="Pillar3">
            <transformation>
                <translate x="-2.5" y="5.5" z="0" />
                <scale x="1" y="1" z="1" />
            </transformation>
            <materials>
                <material id="inherit" />
            </materials>
            <texture id="inherit"/>
            <children>
                <componentref id="Pillar"/>
            </children>
        </component>

        <component id="Pillar4">
            <transformation>
                <translate x="-2.5" y="-5.5" z="0" />
                <scale x="1" y="1" z="1" />
            </transformation>
            <materials>
                <material id="inherit" />
            </materials>
            <texture id="inherit"/>
            <children>
                <componentref id="Pillar"/>
            </children>
        </component>

        <component id="Pillar5">
            <transformation>
                <translate x="-7" y="5.5" z="0" />
                <scale x="1" y="1" z="1" />
            </transformation>
            <materials>
                <material id="inherit" />
            </materials>
            <texture id="inherit"/>
            <children>
                <componentref id="Pillar"/>
            </children>
        </component>

        <component id="Pillar6">
            <transformation>
                <translate x="-7" y="-5.5" z="0" />
                <scale x="1" y="1" z="1" />
            </transformation>
            <materials>
                <material id="inherit" />
            </materials>
            <texture id="inherit"/>
            <children>
                <componentref id="Pillar"/>
            </children>
        </component>



        <component id="Pillars">
            <transformation>
                <translate x="0" y="0" z="0" />
                <scale x="1" y="1" z="0.999" />
            </transformation>
            <materials>
                <material id="FloorMat" />
            </materials>
            <texture id="church_wall" length_s="1" length_t="1"/>
            <children>
                <componentref id="Pillar1"/>
                <componentref id="Pillar2"/>
                <componentref id="Pillar3"/>
                <componentref id="Pillar4"/>
                <componentref id="Pillar5"/>
                <componentref id="Pillar6"/>
            </children>
        </component>


        <component id="TableBody">
            <transformation>
                <translate x="6.5" y="0" z="1.5" />
                <scale x="0.6" y="1.15" z="1" />
            </transformation>
            <materials>
                <material id="inherit" />
            </materials>
            <texture id="inherit"/>
            <children>
                <componentref id="Cube"/>
            </children>
        </component>

        <component id="TableTop">
            <transformation>
                <translate x="6.5" y="0" z="2.5" />
                <scale x="0.75" y="1.5" z="0.1" />
            </transformation>
            <materials>
                <material id="inherit" />
            </materials>
            <texture id="inherit"/>
            <children>
                <componentref id="Cube"/>
            </children>
        </component>

        <component id="Table">
            <transformation>
                <translate x="0" y="0" z="0" />
            </transformation>
            <materials>
                <material id="FloorMat" />
            </materials>
            <texture id="wood" length_s="1" length_t="1"/>
            <children>
                <componentref id="TableTop"/>
                <componentref id="TableBody"/>
            </children>
        </component>



        <component id="TorchFlame1">
            <transformation>
                <translate x="0" y="0" z="0" />
                <rotate axis="x" angle="0"/>
                <scale x="0.15" y="0.15" z="0.4" />
            </transformation>
            <materials>
                <material id="inherit" />
            </materials>
            <texture id="inherit"/>
            <children>
                <primitiveref id="cone"/>
            </children>
        </component>

        <component id="TorchFlame2">
            <transformation>
                <translate x="0" y="0" z="0" />
                <rotate axis="x" angle="35"/>
                <scale x="0.1" y="0.1" z="0.4" />
            </transformation>
            <materials>
                <material id="inherit" />
            </materials>
            <texture id="inherit"/>
            <children>
                <primitiveref id="cone"/>
            </children>
        </component>

        <component id="TorchFlame3">
            <transformation>
                <translate x="0" y="0" z="0" />
                <rotate axis="x" angle="-35"/>
                <rotate axis="y" angle="35"/>
                <scale x="0.1" y="0.1" z="0.4" />
            </transformation>
            <materials>
                <material id="inherit" />
            </materials>
            <texture id="inherit"/>
            <children>
                <primitiveref id="cone"/>
            </children>
        </component>

        <component id="TorchFlame4">
            <transformation>
                <translate x="0" y="0" z="0" />
                <rotate axis="x" angle="-35"/>
                <rotate axis="y" angle="-35"/>
                <scale x="0.1" y="0.1" z="0.4" />
            </transformation>
            <materials>
                <material id="inherit" />
            </materials>
            <texture id="inherit"/>
            <children>
                <primitiveref id="cone"/>
            </children>
        </component>

        <component id="TorchFlame">
            <transformation>
                <translate x="-1" y="0" z="1" />
                <rotate axis="x" angle="0"/>
                <scale x="1" y="1" z="1" />
            </transformation>
            <materials>
                <material id="FireMat" />
                <material id="CrystalMat" />
                <material id="AureolaMat" />
            </materials>
            <texture id="fire" length_s="1" length_t="1"/>
            <children>
                <componentref id="TorchFlame1"/>
                <componentref id="TorchFlame2"/>
                <componentref id="TorchFlame3"/>
                <componentref id="TorchFlame4"/>
            </children>
        </component>

        <component id="TorchShaft">
            <transformation>
                <translate x="-1" y="0" z="1" />
                <rotate axis="x" angle="180"/>
                <scale x="0.15" y="0.15" z="1" />
            </transformation>
            <materials>
                <material id="FloorMat" />
            </materials>
            <texture id="wood" length_s="1" length_t="1"/>
            <children>
                <primitiveref id="cone"/>
            </children>
        </component>

        <component id="TorchHolder">
            <transformation>
                <translate x="-1" y="0" z="0.6" />
                <rotate axis="x" angle="25"/>
                <scale x="0.2" y="0.2" z="0.05" />
            </transformation>
            <materials>
                <material id="FloorMat" />
            </materials>
            <texture id="granite" length_s="1" length_t="1"/>
            <children>
                <componentref id="Cube"/>
            </children>
        </component>

        <component id="Torch">
            <transformation>
                <translate x="0" y="0" z="0" />
                <rotate axis="x" angle="-25"/>
                <scale x="1" y="1" z="1" />
            </transformation>
            <materials>
                <material id="inherit" />
            </materials>
            <texture id="inherit"/>
            <children>
                <componentref id="TorchShaft"/>
                <componentref id="TorchFlame"/>
                <componentref id="TorchHolder"/>
            </children>
        </component>

        <component id="Torch1">
            <transformation>
                <translate x="1" y="5.25" z="3.5" />
                <scale x="1" y="1" z="1" />
                <rotate axis="z" angle="180"/>
            </transformation>
            <materials>
                <material id="inherit" />
            </materials>
            <texture id="inherit"/>
            <children>
                <componentref id="Torch"/>
            </children>
        </component>

        <component id="Torch2">
            <transformation>
                <translate x="3" y="-5.25" z="3.5" />
                <scale x="1" y="1" z="1" />
            </transformation>
            <materials>
                <material id="inherit" />
            </materials>
            <texture id="inherit"/>
            <children>
                <componentref id="Torch"/>
            </children>
        </component>

        <component id="Torch3">
            <transformation>
                <translate x="-3.5" y="5.25" z="3.5" />
                <scale x="1" y="1" z="1" />
                <rotate axis="z" angle="180"/>
            </transformation>
            <materials>
                <material id="inherit" />
            </materials>
            <texture id="inherit"/>
            <children>
                <componentref id="Torch"/>
            </children>
        </component>

        <component id="Torch4">
            <transformation>
                <translate x="-1.5" y="-5.25" z="3.5" />
                <scale x="1" y="1" z="1" />
            </transformation>
            <materials>
                <material id="inherit" />
            </materials>
            <texture id="inherit"/>
            <children>
                <componentref id="Torch"/>
            </children>
        </component>

        <component id="Torch5">
            <transformation>
                <translate x="-8" y="5.25" z="3.5" />
                <scale x="1" y="1" z="1" />
                <rotate axis="z" angle="180"/>
            </transformation>
            <materials>
                <material id="inherit" />
            </materials>
            <texture id="inherit"/>
            <children>
                <componentref id="Torch"/>
            </children>
        </component>

        <component id="Torch6">
            <transformation>
                <translate x="-6" y="-5.25" z="3.5" />
                <scale x="1" y="1" z="1" />
            </transformation>
            <materials>
                <material id="inherit" />
            </materials>
            <texture id="inherit"/>
            <children>
                <componentref id="Torch"/>
            </children>
        </component>

        <component id="Torches">
            <transformation>
                <translate x="0" y="0" z="0" />
            </transformation>
            <materials>
                <material id="FloorMat" />
            </materials>
            <texture id="church_wall" length_s="1" length_t="1"/>
            <children>
                <componentref id="Torch1"/>
                <componentref id="Torch2"/>
                <componentref id="Torch3"/>
                <componentref id="Torch4"/>
                <componentref id="Torch5"/>
                <componentref id="Torch6"/>
            </children>
        </component>

        <component id="PepePainting">
            <transformation>
                <translate x="9.99" y="0" z="4" />
                <scale x="1" y="1.5" z="2.5" />
                <rotate axis="y" angle="-90"/>
                <rotate axis="z" angle="-90"/>
            </transformation>
            <materials>
                <material id="demoMaterial" />
            </materials>
            <texture id="pepe_painting" length_s="2" length_t="2"/>
            <children>
                <primitiveref id="demoRectangle"/>
            </children>
        </component>

        <component id="Sanctuary">
            <transformation>
                <translate x="0" y="0" z="0" />
            </transformation>
            <materials>
                <material id="FloorMat" />
            </materials>
            <texture id="none"/>
            <children>
                <componentref id="Pillars"/>
                <componentref id="Ceiling"/>
                <componentref id="OutterCeiling"/>
                <componentref id="Floor"/>
                <componentref id="OutFloor"/>
                <componentref id="OutterFloor"/>
                <componentref id="Walls"/>
                <componentref id="OutterWalls"/>
                <componentref id="Altair"/>
                <componentref id="Table"/>
                <componentref id="Torches"/>
                <componentref id="PepePainting"/>
            </children>
        </component>

        <!-- <component id="PotionBase">
            <transformation>
                <translate x="4" y="2" z="0" />
                <scale x="1" y="1" z="1" />
            </transformation>
            <material>
                <material id="demoMaterial" />
            </material>
            <texture id="bank" />
            <children>
                <primitiveref id="demoSphere" />
            </children>
        </component> -->

        <component id="triangle2">
            <transformation>
                <transformationref id="GlyphTriangleTransform"/>
            </transformation>
            <materials>
                <material id="inherit" />
            </materials>
            <texture id="inherit" length_s="1" length_t="1"/>
            <children>
                <primitiveref id="triangle" />
            </children>
        </component>
        
        <component id="triangle3">
            <transformation>
                <transformationref id="GlyphTriangleTransform"/>
            </transformation>
            <materials>
                <material id="inherit" />
            </materials>
            <texture id="inherit"/>
            <children>
                <componentref id="triangle2" />
            </children>
        </component>

        <component id="SmallGlyph">
            <transformation>
                <translate x="0" y="1" z="0" /> 
                <rotate axis="x" angle="-90" />
            </transformation>
            <materials>
                <material id="inherit" />
            </materials>
            <texture id="inherit"/>
            <children>
                <primitiveref id="triangle" />
                <componentref id="triangle2" />
                <componentref id="triangle3" />
            </children>
        </component>

        <component id="MediumGlyph">
            <transformation>
                <scale x="2" y="2" z="2" />
                <rotate axis="y" angle="60" />
            </transformation>
            <materials>
                <material id="inherit" />
            </materials>
            <texture id="inherit"/>
            <children>
                <componentref id="SmallGlyph" />
            </children>
        </component>

        <component id="LargeGlyph">
            <transformation>
                <scale x="3" y="3" z="3" />
            </transformation>
            <materials>
                <material id="inherit" />
            </materials>
            <texture id="inherit"/>
            <children>
                <componentref id="SmallGlyph" />
            </children>
        </component>

        <component id="HiltSph">
            <transformation>
                <translate x="0" y="0" z="0" />
                <scale x="0.6" y="0.6" z="0.02" />
            </transformation>
            <materials>
                <material id="HiltMat" />
            </materials>
            <texture id="bank" length_s="1" length_t="1"/>
            <children>
                <primitiveref id="demoSphere" />
            </children>
        </component>

        <component id="TopCrystalCyl">
            <transformation>
                <translate x="0" y="0" z="2" />
                <scale x="1" y="1" z="1" />
            </transformation>
            <materials>
                <material id="inherit" />
            </materials>
            <texture id="inherit" length_s="1" length_t="1"/>
            <children>
                <primitiveref id="pyramid" />
            </children>
        </component>

        <component id="BotCrystalCyl">
            <transformation>
                <translate x="0" y="0" z="1" />
                <scale x="1" y="1" z="1" />
            </transformation>
            <materials>
                <material id="inherit" />
            </materials>
            <texture id="inherit" length_s="1" length_t="1"/>
            <children>
                <primitiveref id="bottom_crystal" />
            </children>
        </component>
        
        <component id="CrystalRec">
            <transformation>
                <translate x="0" y="0" z="1" />
                <scale x="0.355" y="0.355" z="1" />
                <rotate axis="z" angle="45" />
                <rotate axis="x" angle="180" />
            </transformation>
            <materials>
                <material id="inherit" />
            </materials>
            <texture id="inherit" length_s="1" length_t="1"/>
            <children>
                <primitiveref id="demoRectangle" />
            </children>
        </component>

        <component id="Crystal">
            <transformation>
                <translate x="0" y="0" z="0.9" />
                <scale x="1" y="1" z="0.1" />
            </transformation>
            <materials>
                <material id="CrystalMat" />
                <material id="FireMat" />
                <material id="AureolaMat" />
            </materials>
            <texture id="crystal" length_s="1" length_t="1"/>
            <children>
                <componentref id="TopCrystalCyl" />
                <componentref id="BotCrystalCyl" />
                <componentref id="CrystalRec" />
            </children>
        </component>

        <component id="Aureola1">
            <transformation>
                <translate x="0" y="0" z="1" />
                <scale x="1" y="1" z="1" />
            </transformation>
            <materials>
                <material id="inherit" />
            </materials>
            <texture id="inherit" length_s="1" length_t="1"/>
            <children>
                <primitiveref id="torus" />
            </children>
        </component>

        <component id="Aureola2">
            <transformation>
                <translate x="0" y="0" z="2" />
                <scale x="0.5" y="0.5" z="1" />
            </transformation>
            <materials>
                <material id="inherit" />
            </materials>
            <texture id="inherit" length_s="1" length_t="1"/>
            <children>
                <primitiveref id="torus" />
            </children>
        </component>

        <component id="Aureola3">
            <transformation>
                <translate x="0" y="0" z="0" />
                <scale x="0.5" y="0.5" z="1" />
            </transformation>
            <materials>
                <material id="inherit" />
            </materials>
            <texture id="inherit" length_s="1" length_t="1"/>
            <children>
                <primitiveref id="torus" />
            </children>
        </component>

        <component id="Aureolas">
            <transformation>
                <translate x="0" y="0" z="1" />
                <scale x="1" y="1" z="0.1" />
            </transformation>
            <materials>
                <material id="AureolaMat" />
                <material id="CrystalMat" />
                <material id="FireMat" />
            </materials>
            <texture id="bank" length_s="1" length_t="1"/>
            <children>
                <componentref id="Aureola1" />
                <componentref id="Aureola2" />
                <componentref id="Aureola3" />
            </children>
        </component>

        <component id="Pole">
            <transformation>
                <scale x="0.36" y="0.36" z="1" />
            </transformation>
            <materials>
                <material id="inherit" />
            </materials>
            <texture id="inherit" length_s="1" length_t="1"/>
            <children>
                <primitiveref id="cylinder" />
            </children>
        </component>

        <component id="StaffCyl">
            <transformation>
                <rotate axis="y" angle="-15"/>
                <translate x="0" y="0" z="2.5" />
                <scale x="0.1" y="0.1" z="3" />
            </transformation>
            <materials>
                <material id="StaffMat" />
            </materials>
            <texture id="trunk" length_s="1" length_t="1"/>
            <children>
                <componentref id="HiltSph"/>
                <componentref id="Crystal"/>
                <componentref id="Aureolas"/>
                <componentref id="Pole"/> 
            </children>
        </component>

        <component id="Great_Glyph">
            <transformation>
                <translate x="0" y="0" z="5" />
                <rotate axis="z" angle="90" />
                <rotate axis="x" angle="-90" />
            </transformation>
            <materials>
                <material id="demoMaterial" />
                <material id="circleMat1" />
                <material id="circleMat2" />
                <material id="circleMat3" />
                <material id="circleMat4" />
                <material id="circleMat5" />
                <material id="circleMat6" />
            </materials>
            <texture id="vidral" length_s="1" length_t="1"/>
            <children>
                <componentref id="LargeGlyph" />
                <componentref id="MediumGlyph" />
                <componentref id="SmallGlyph" />
            </children>
        </component> 

        <component id="mage">
            <transformation>
                <translate x="0" y="0" z="0" />
                <rotate axis="z" angle="-90"/>
                <rotate axis="x" angle="90"/>
                <scale x="0.25" y="0.3" z="0.25" />
            </transformation>
            <materials>
                <material id="clothMat" />
            </materials>
            <texture id="satin" length_s="1" length_t="1" />
            <children>
                <componentref id="mage_top" />
                <componentref id="mage_body" />
            </children>
        </component>

        <component id="mage_body">
            <transformation>
                <translate x="0" y="0" z="0" />
            </transformation>
            <materials>
                <material id="inherit" />
                <material id="hatMat" />
                <material id="inherit" />
                <material id="hatMat" />
            </materials>
            <texture id="inherit"/>
            <children>
                <componentref id="mage_neck" />
                <componentref id="mage_torso" />
                <componentref id="mage_bottom" />
                <componentref id="mage_arm_left" />
                <componentref id="mage_arm_right" />
            </children>
        </component>  
        
        <component id="mage_arm_right">
            <transformation>
                <rotate axis="y" angle="-60"/>
            </transformation>
            <materials>
                <material id="inherit" />
            </materials>
            <texture id="inherit"/>
            <children>
                <componentref id="mage_sleeve" />
                <componentref id="mage_arm" />
                <componentref id="mage_hand" />
            </children>
        </component>

        <component id="mage_arm_left">
            <transformation>
                <rotate axis="y" angle="60"/>
            </transformation>
            <materials>
                <material id="inherit" />
            </materials>
            <texture id="inherit"/>
            <children>
                <componentref id="mage_sleeve" />
                <componentref id="mage_arm" />
                <componentref id="mage_hand" />
            </children>
        </component>
        
        <component id="mage_sleeve_reverse">
            <transformation>
                <rotate axis="y" angle="180"/>
                <scale x="-1" y="-1" z="-1"/> 
            </transformation>
            <materials>
                <material id="inherit" />
            </materials>
            <texture id="inherit"/>
            <children>
                <primitiveref id="sliced_pyramid" />
            </children>
        </component>

        <component id="mage_sleeve">
            <transformation>
                <translate x="0" y="3.5" z="1"/>
                <rotate axis="x" angle="-30"/>
                <scale x="0.3" y="1.5" z="3"/> 
                <rotate axis="z" angle="90"/>
                <rotate axis="y" angle="180"/>
                <translate x="0" y="0" z="-1"/>
            </transformation>
            <materials>
                <material id="inherit" />
            </materials>
            <texture id="inherit"/>
            <children>
                <primitiveref id="sliced_pyramid" />
                <componentref id="mage_sleeve_reverse" />
            </children>
        </component>

        <component id="mage_arm">
            <transformation>
                <translate x="0" y="3.2" z="1"/>
                <rotate axis="x" angle="-35"/>
                <translate x="0" y="0.5" z="0.3"/>
                <scale x="0.14" y="0.14" z="3"/> 
            </transformation>
            <materials>
                <material id="handMat" />
            </materials>
            <texture id="none" />
            <children>
                <primitiveref id="cylinder" />
            </children>
        </component>

        <component id="mage_hand">
            <transformation>
                <translate x="0" y="3.2" z="1"/>
                <rotate axis="x" angle="-35"/>
                <translate x="0" y="0.5" z="3.3"/>
                <scale x="0.25" y="0.25" z="0.25"/> 
            </transformation>
            <materials>
                <material id="handMat" />
            </materials>
            <texture id="none" />
            <children>
                <primitiveref id="demoSphere" />
            </children>
        </component>

        <component id="mage_bottom">
            <transformation>
                <scale x="3" y="4" z="3" />
                <rotate axis="x" angle="-90" />
                <scale x="0.5" y="0.5" z="1" />
            </transformation>
            <materials>
                <material id="inherit" />
            </materials>
            <texture id="inherit"/>
            <children>
                <primitiveref id="skewed_cylinder2" />
            </children>
        </component>  

        <component id="mage_torso">
            <transformation>
                <translate x="0" y="4" z="0" />
                <scale x="2" y="1.3" z="2" />
                <rotate axis="x" angle="-90" />
                <scale x="0.5" y="0.5" z="1" />
            </transformation>
            <materials>
                <material id="inherit" />
            </materials>
            <texture id="inherit"/>
            <children>
                <primitiveref id="skewed_cylinder" />
            </children>
        </component>  

        <component id="mage_neck">
            <transformation>
                <translate x="0" y="4.3" z="0" />
                <scale x="1.3" y="1" z="1.3" />
                <rotate axis="x" angle="-90" />
                <scale x="0.5" y="0.5" z="1" />
            </transformation>
            <materials>
                <material id="inherit" />
            </materials>
            <texture id="inherit"/>
            <children>
                <primitiveref id="cylinder" />
            </children>
        </component>  

        <component id="mage_top">
            <transformation>
                <translate x="0" y="5.3" z="0" />
            </transformation>
            <materials>
                <material id="inherit" />
            </materials>
            <texture id="none"/>
            <children>
                <componentref id="mage_head" />
                <componentref id="mage_hat" />
            </children>
        </component>      

        <component id="mage_head">
            <transformation>
                <translate x="0" y="0" z="0" />
                <scale x="0.6" y="0.6" z="0.6" />
            </transformation>
            <materials>
                <material id="headMat" />
            </materials>
            <texture id="none"/>
            <children>
                <componentref id="mage_eye_left" />
                <componentref id="mage_eye_right" />
                <primitiveref id="demoSphere" />
            </children>
        </component>
        
        <component id="mage_eye_right">
            <transformation>
                <rotate axis="y" angle="-15"/>
            </transformation>
            <materials>
                <material id="inherit" />
            </materials>
            <texture id="none"/>
            <children>
                <componentref id="mage_eye" />
            </children>
        </component>

        <component id="mage_eye_left">
            <transformation>
                <rotate axis="y" angle="15"/>
            </transformation>
            <materials>
                <material id="inherit" />
            </materials>
            <texture id="none"/>
            <children>
                <componentref id="mage_eye" />
            </children>
        </component>

        <component id="mage_eye">
            <transformation>
                <rotate axis="x" angle="-30" />
                <translate x="0" y="0" z="1"/>
                <scale x="0.2" y="0.2" z="0.01" />
            </transformation>
            <materials>
                <material id="eyeMat" />
            </materials>
            <texture id="none" />
            <children>
                <primitiveref id="demoSphere" />
            </children>
        </component>

        <component id="mage_hat">
            <transformation>
                <rotate axis="x" angle="-45" />
            </transformation>
            <materials>
                <material id="hatMat" />
                <material id="inherit" />
                <material id="inherit" />
                <material id="hatMat" />
            </materials>
            <texture id="inherit"/>
            <children>
                <componentref id="mage_hat_bottom" />
                <componentref id="mage_hat_bottom_reversed" />
                <componentref id="mage_hat_top" />
            </children>
        </component>

        <component id="mage_hat_top">
            <transformation>
                <translate x="0" y="0.3" z="0" />
                <scale x="1.2" y="2.5" z="1.2" />
                <rotate axis="x" angle="-90" />
                <scale x="0.5" y="0.5" z="1" />
            </transformation>
            <materials>
                <material id="inherit" />
            </materials>
            <texture id="inherit"/>
            <children>
                <primitiveref id="cone" />
            </children>
        </component>

        <component id="mage_hat_bottom">
            <transformation>
                <scale x="2" y="0.5" z="2"/>
                <rotate axis="x" angle="-90" />
                <scale x="0.5" y="0.5" z="1" />
            </transformation>
            <materials>
                <material id="inherit" />
            </materials>
            <texture id="inherit"/>
            <children>
                <primitiveref id="skewed_cylinder" />
            </children>
        </component>

        <component id="mage_hat_bottom_reversed">
            <transformation>
                <rotate axis="x" angle="180"/>
                <scale x="2" y="-0.5" z="2"/>
                <rotate axis="x" angle="-90" />
                <scale x="0.5" y="0.5" z="1" />
            </transformation>
            <materials>
                <material id="inherit" />
            </materials>
            <texture id="inherit"/>
            <children>
                <primitiveref id="skewed_cylinder" />
            </children>
        </component>

        <component id="magic_circle">
            <transformation>
                <scale x="1" y="1" z="0"/>
            </transformation>
            <materials>
                <material id="inherit" />
            </materials>
            <texture id="inherit"/>
            <children>
                <primitiveref id="torus2" />
            </children>
        </component>
        
        <component id="magic_circle1">
            <transformation>
                <scale x="1.8" y="1.8" z="1"/>
            </transformation>
            <materials>
                <material id="circleMat1" />
                <material id="circleMat2" />
                <material id="circleMat3" />
                <material id="circleMat4" />
                <material id="circleMat5" />
                <material id="circleMat6" />
            </materials>
            <texture id="inherit"/>
            <children>
                <componentref id="magic_circle"/>
            </children>
        </component>
        
        <component id="magic_circle2">
            <transformation>
                <scale x="1.5" y="1.5" z="1"/>
            </transformation>
            <materials>
                <material id="circleMat2" />
                <material id="circleMat3" />
                <material id="circleMat4" />
                <material id="circleMat5" />
                <material id="circleMat6" />
                <material id="circleMat1" />
            </materials>
            <texture id="inherit"/>
            <children>
                <componentref id="magic_circle"/>
            </children>
        </component>
        
        <component id="magic_circle3">
            <transformation>
                <scale x="1.2" y="1.2" z="1"/>
            </transformation>
            <materials>
                <material id="circleMat3" />
                <material id="circleMat4" />
                <material id="circleMat5" />
                <material id="circleMat6" />
                <material id="circleMat1" />
                <material id="circleMat2" />
            </materials>
            <texture id="inherit"/>
            <children>
                <componentref id="magic_circle"/>
            </children>
        </component>
        
        <component id="magic_circle4">
            <transformation>
                <scale x="1" y="1" z="1"/>
            </transformation>
            <materials>
                <material id="circleMat4" />
                <material id="circleMat5" />
                <material id="circleMat6" />
                <material id="circleMat1" />
                <material id="circleMat2" />
                <material id="circleMat3" />
            </materials>
            <texture id="inherit"/>
            <children>
                <componentref id="magic_circle"/>
            </children>
        </component>
        
        <component id="magic_circle5">
            <transformation>
                <scale x="0.75" y="0.75" z="1"/>
            </transformation>
            <materials>
                <material id="circleMat5" />
                <material id="circleMat6" />
                <material id="circleMat1" />
                <material id="circleMat2" />
                <material id="circleMat3" />
                <material id="circleMat4" />
            </materials>
            <texture id="inherit"/>
            <children>
                <componentref id="magic_circle"/>
            </children>
        </component>
        
        <component id="magic_circle6">
            <transformation>
                <scale x="0.5" y="0.5" z="1"/>
            </transformation>
            <materials>
                <material id="circleMat6" />
                <material id="circleMat1" />
                <material id="circleMat2" />
                <material id="circleMat3" />
                <material id="circleMat4" />
                <material id="circleMat5" />
            </materials>
            <texture id="inherit"/>
            <children>
                <componentref id="magic_circle"/>
            </children>
        </component>
        
        <component id="great_magic_circle">
            <transformation>
                <translate x="0" y="0" z="0.01"/>
            </transformation>
            <materials>
                <material id="clothMat" />
            </materials>
            <texture id="runes" length_s="1" length_t="1" />
            <children>
                <componentref id="magic_circle1"/>
                <componentref id="magic_circle2"/>
                <componentref id="magic_circle3"/>
                <componentref id="magic_circle4"/>
                <componentref id="magic_circle5"/>
                <componentref id="magic_circle6"/>
            </children>
        </component>
        
        <component id="Sanctest">
            <transformation>
                <rotate axis="x" angle="-90" />
            </transformation>
            <materials>
                <material id="FloorMat" />
            </materials>
            <texture id="church_floor" length_s="1" length_t="1" />
            <children>
                <componentref id="Sanctuary" />
                <componentref id="mage"/>
                <componentref id="great_magic_circle"/>
                <componentref id="StaffCyl" />
                <componentref id="Great_Glyph" />
            </children>
        </component>
    </components>
</lxs>